CUSTOMER_ID,NAME,EMAIL,CREATED_DATE
1,Ravi Kumar,ravi.kumar@gmail.com,2025-01-05
2,Sneha Reddy,sneha.reddy@gmail.com,2025-01-10
3,Arjun Mehta,arjun.mehta@gmail.com,2025-01-15
4,Priya Sharma,priya.sharma@gmail.com,2025-02-01
5,Vikram Singh,vikram.singh@gmail.com,2025-02-10

,Ravi Kumar,ravi.kumar@gmail.com,2025-01-05
12,,sneha.reddy@gmail.com,2025-01-10
13,Arjun Mehta,arjun.mehtagmail.com,2025-01-15
4,Priya Sharma,priya.sharma@gmail.com,2025-02-01
5,Vikram Singh,vikram.singh@gmail.com,2025-02-10